0001001EM1_201407.csv,1,BT3801(002L)01.00.00,,‰ñ˜H1R,‰ñ˜H1T,‰ñ˜H2R,‰ñ˜H2T,‰ñ˜H3R,‰ñ˜H3T,‰ñ˜H4R,‰ñ˜H4T,‰ñ˜H5R,‰ñ˜H5T,‰ñ˜H6R,‰ñ˜H6T,‰ñ˜H7R,‰ñ˜H7T,‰ñ˜H8R,‰ñ˜H8T,‰ñ˜H9R,‰ñ˜H9T,‰ñ˜H10R,‰ñ˜H10T,‰ñ˜H11R,‰ñ˜H11T,‰ñ˜H12R,‰ñ˜H12T,‰ñ˜H13R,‰ñ˜H13T,‰ñ˜H14R,‰ñ˜H14T,‰ñ˜H15R,‰ñ˜H15T,‰ñ˜H16R,‰ñ˜H16T
,,,,,,,,,,,,,,,,,,,,,,,,,,,,,,,,,,,
”N,ŒŽ,“ú,Žž,kWh,kWh,,,,,,,,,,,,,,,,,,,,,,,,,,,,,,
2014, 7, 1, 1,   0.00,   0.00,,,,,,,,,,,,,,,,,,,,,,,,,,,,,,
2014, 7, 1, 2,   0.01,   0.00,,,,,,,,,,,,,,,,,,,,,,,,,,,,,,
2014, 7, 1, 3,   0.00,   0.00,,,,,,,,,,,,,,,,,,,,,,,,,,,,,,
2014, 7, 1, 4,   0.01,   0.00,,,,,,,,,,,,,,,,,,,,,,,,,,,,,,
2014, 7, 1, 5,   0.00,   0.00,,,,,,,,,,,,,,,,,,,,,,,,,,,,,,
2014, 7, 1, 6,   1.05,   0.00,,,,,,,,,,,,,,,,,,,,,,,,,,,,,,
2014, 7, 1, 7,   2.43,   0.00,,,,,,,,,,,,,,,,,,,,,,,,,,,,,,
2014, 7, 1, 8,   4.33,   0.00,,,,,,,,,,,,,,,,,,,,,,,,,,,,,,
2014, 7, 1, 9,   6.38,   0.00,,,,,,,,,,,,,,,,,,,,,,,,,,,,,,
2014, 7, 1,10,   9.20,   0.00,,,,,,,,,,,,,,,,,,,,,,,,,,,,,,
2014, 7, 1,11,   8.46,   0.00,,,,,,,,,,,,,,,,,,,,,,,,,,,,,,
2014, 7, 1,12,   8.32,   0.00,,,,,,,,,,,,,,,,,,,,,,,,,,,,,,
2014, 7, 1,13,   9.32,   0.00,,,,,,,,,,,,,,,,,,,,,,,,,,,,,,
2014, 7, 1,14,   9.88,   0.00,,,,,,,,,,,,,,,,,,,,,,,,,,,,,,
2014, 7, 1,15,   9.19,   0.00,,,,,,,,,,,,,,,,,,,,,,,,,,,,,,
2014, 7, 1,16,   8.07,   0.00,,,,,,,,,,,,,,,,,,,,,,,,,,,,,,
2014, 7, 1,17,   5.53,   0.00,,,,,,,,,,,,,,,,,,,,,,,,,,,,,,
2014, 7, 1,18,   2.02,   0.00,,,,,,,,,,,,,,,,,,,,,,,,,,,,,,
2014, 7, 1,19,   0.49,   0.00,,,,,,,,,,,,,,,,,,,,,,,,,,,,,,
2014, 7, 1,20,   0.01,   0.03,,,,,,,,,,,,,,,,,,,,,,,,,,,,,,
2014, 7, 1,21,   0.00,   0.00,,,,,,,,,,,,,,,,,,,,,,,,,,,,,,
2014, 7, 1,22,   0.01,   0.00,,,,,,,,,,,,,,,,,,,,,,,,,,,,,,
2014, 7, 1,23,   0.00,   0.00,,,,,,,,,,,,,,,,,,,,,,,,,,,,,,
2014, 7, 1,24,   0.01,   0.00,,,,,,,,,,,,,,,,,,,,,,,,,,,,,,
2014, 7, 2, 1,   0.00,   0.00,,,,,,,,,,,,,,,,,,,,,,,,,,,,,,
2014, 7, 2, 2,   0.00,   0.00,,,,,,,,,,,,,,,,,,,,,,,,,,,,,,
2014, 7, 2, 3,   0.01,   0.00,,,,,,,,,,,,,,,,,,,,,,,,,,,,,,
2014, 7, 2, 4,   0.00,   0.00,,,,,,,,,,,,,,,,,,,,,,,,,,,,,,
2014, 7, 2, 5,   0.01,   0.00,,,,,,,,,,,,,,,,,,,,,,,,,,,,,,
2014, 7, 2, 6,   0.55,   0.00,,,,,,,,,,,,,,,,,,,,,,,,,,,,,,
2014, 7, 2, 7,   2.65,   0.00,,,,,,,,,,,,,,,,,,,,,,,,,,,,,,
2014, 7, 2, 8,   6.08,   0.00,,,,,,,,,,,,,,,,,,,,,,,,,,,,,,
2014, 7, 2, 9,   8.44,   0.00,,,,,,,,,,,,,,,,,,,,,,,,,,,,,,
2014, 7, 2,10,   7.38,   0.00,,,,,,,,,,,,,,,,,,,,,,,,,,,,,,
2014, 7, 2,11,   8.49,   0.00,,,,,,,,,,,,,,,,,,,,,,,,,,,,,,
2014, 7, 2,12,   6.31,   0.00,,,,,,,,,,,,,,,,,,,,,,,,,,,,,,
2014, 7, 2,13,   6.77,   0.00,,,,,,,,,,,,,,,,,,,,,,,,,,,,,,
2014, 7, 2,14,   5.81,   0.00,,,,,,,,,,,,,,,,,,,,,,,,,,,,,,
2014, 7, 2,15,   3.52,   0.00,,,,,,,,,,,,,,,,,,,,,,,,,,,,,,
2014, 7, 2,16,   3.63,   0.00,,,,,,,,,,,,,,,,,,,,,,,,,,,,,,
2014, 7, 2,17,   2.99,   0.00,,,,,,,,,,,,,,,,,,,,,,,,,,,,,,
2014, 7, 2,18,   1.71,   0.00,,,,,,,,,,,,,,,,,,,,,,,,,,,,,,
2014, 7, 2,19,   0.39,   0.00,,,,,,,,,,,,,,,,,,,,,,,,,,,,,,
2014, 7, 2,20,   0.00,   0.02,,,,,,,,,,,,,,,,,,,,,,,,,,,,,,
2014, 7, 2,21,   0.01,   0.00,,,,,,,,,,,,,,,,,,,,,,,,,,,,,,
2014, 7, 2,22,   0.00,   0.00,,,,,,,,,,,,,,,,,,,,,,,,,,,,,,
2014, 7, 2,23,   0.01,   0.00,,,,,,,,,,,,,,,,,,,,,,,,,,,,,,
2014, 7, 2,24,   0.00,   0.00,,,,,,,,,,,,,,,,,,,,,,,,,,,,,,
2014, 7, 3, 1,   0.01,   0.00,,,,,,,,,,,,,,,,,,,,,,,,,,,,,,
2014, 7, 3, 2,   0.00,   0.00,,,,,,,,,,,,,,,,,,,,,,,,,,,,,,
2014, 7, 3, 3,   0.00,   0.00,,,,,,,,,,,,,,,,,,,,,,,,,,,,,,
2014, 7, 3, 4,   0.01,   0.00,,,,,,,,,,,,,,,,,,,,,,,,,,,,,,
2014, 7, 3, 5,   0.00,   0.00,,,,,,,,,,,,,,,,,,,,,,,,,,,,,,
2014, 7, 3, 6,   0.03,   0.00,,,,,,,,,,,,,,,,,,,,,,,,,,,,,,
2014, 7, 3, 7,   0.27,   0.00,,,,,,,,,,,,,,,,,,,,,,,,,,,,,,
2014, 7, 3, 8,   1.70,   0.00,,,,,,,,,,,,,,,,,,,,,,,,,,,,,,
2014, 7, 3, 9,   2.46,   0.00,,,,,,,,,,,,,,,,,,,,,,,,,,,,,,
2014, 7, 3,10,   1.69,   0.00,,,,,,,,,,,,,,,,,,,,,,,,,,,,,,
2014, 7, 3,11,   3.20,   0.00,,,,,,,,,,,,,,,,,,,,,,,,,,,,,,
2014, 7, 3,12,   2.43,   0.00,,,,,,,,,,,,,,,,,,,,,,,,,,,,,,
2014, 7, 3,13,   2.61,   0.00,,,,,,,,,,,,,,,,,,,,,,,,,,,,,,
2014, 7, 3,14,   2.06,   0.00,,,,,,,,,,,,,,,,,,,,,,,,,,,,,,
2014, 7, 3,15,   1.98,   0.00,,,,,,,,,,,,,,,,,,,,,,,,,,,,,,
2014, 7, 3,16,   1.98,   0.00,,,,,,,,,,,,,,,,,,,,,,,,,,,,,,
2014, 7, 3,17,   0.86,   0.00,,,,,,,,,,,,,,,,,,,,,,,,,,,,,,
2014, 7, 3,18,   0.62,   0.00,,,,,,,,,,,,,,,,,,,,,,,,,,,,,,
2014, 7, 3,19,   0.04,   0.02,,,,,,,,,,,,,,,,,,,,,,,,,,,,,,
2014, 7, 3,20,   0.00,   0.01,,,,,,,,,,,,,,,,,,,,,,,,,,,,,,
2014, 7, 3,21,   0.01,   0.00,,,,,,,,,,,,,,,,,,,,,,,,,,,,,,
2014, 7, 3,22,   0.00,   0.00,,,,,,,,,,,,,,,,,,,,,,,,,,,,,,
2014, 7, 3,23,   0.01,   0.00,,,,,,,,,,,,,,,,,,,,,,,,,,,,,,
2014, 7, 3,24,   0.00,   0.00,,,,,,,,,,,,,,,,,,,,,,,,,,,,,,
2014, 7, 4, 1,   0.00,   0.00,,,,,,,,,,,,,,,,,,,,,,,,,,,,,,
2014, 7, 4, 2,   0.01,   0.00,,,,,,,,,,,,,,,,,,,,,,,,,,,,,,
2014, 7, 4, 3,   0.00,   0.00,,,,,,,,,,,,,,,,,,,,,,,,,,,,,,
2014, 7, 4, 4,   0.01,   0.00,,,,,,,,,,,,,,,,,,,,,,,,,,,,,,
2014, 7, 4, 5,   0.00,   0.00,,,,,,,,,,,,,,,,,,,,,,,,,,,,,,
2014, 7, 4, 6,   0.44,   0.00,,,,,,,,,,,,,,,,,,,,,,,,,,,,,,
2014, 7, 4, 7,   1.83,   0.00,,,,,,,,,,,,,,,,,,,,,,,,,,,,,,
2014, 7, 4, 8,   3.88,   0.00,,,,,,,,,,,,,,,,,,,,,,,,,,,,,,
2014, 7, 4, 9,   6.71,   0.00,,,,,,,,,,,,,,,,,,,,,,,,,,,,,,
2014, 7, 4,10,   6.53,   0.00,,,,,,,,,,,,,,,,,,,,,,,,,,,,,,
2014, 7, 4,11,   7.78,   0.00,,,,,,,,,,,,,,,,,,,,,,,,,,,,,,
2014, 7, 4,12,   5.20,   0.00,,,,,,,,,,,,,,,,,,,,,,,,,,,,,,
2014, 7, 4,13,   6.75,   0.00,,,,,,,,,,,,,,,,,,,,,,,,,,,,,,
2014, 7, 4,14,   2.79,   0.00,,,,,,,,,,,,,,,,,,,,,,,,,,,,,,
2014, 7, 4,15,   2.03,   0.00,,,,,,,,,,,,,,,,,,,,,,,,,,,,,,
2014, 7, 4,16,   5.42,   0.00,,,,,,,,,,,,,,,,,,,,,,,,,,,,,,
2014, 7, 4,17,   2.93,   0.00,,,,,,,,,,,,,,,,,,,,,,,,,,,,,,
2014, 7, 4,18,   1.45,   0.00,,,,,,,,,,,,,,,,,,,,,,,,,,,,,,
2014, 7, 4,19,   0.26,   0.01,,,,,,,,,,,,,,,,,,,,,,,,,,,,,,
2014, 7, 4,20,   0.00,   0.02,,,,,,,,,,,,,,,,,,,,,,,,,,,,,,
2014, 7, 4,21,   0.00,   0.00,,,,,,,,,,,,,,,,,,,,,,,,,,,,,,
2014, 7, 4,22,   0.01,   0.00,,,,,,,,,,,,,,,,,,,,,,,,,,,,,,
2014, 7, 4,23,   0.00,   0.00,,,,,,,,,,,,,,,,,,,,,,,,,,,,,,
2014, 7, 4,24,   0.01,   0.00,,,,,,,,,,,,,,,,,,,,,,,,,,,,,,
2014, 7, 5, 1,   0.00,   0.00,,,,,,,,,,,,,,,,,,,,,,,,,,,,,,
2014, 7, 5, 2,   0.00,   0.00,,,,,,,,,,,,,,,,,,,,,,,,,,,,,,
2014, 7, 5, 3,   0.01,   0.00,,,,,,,,,,,,,,,,,,,,,,,,,,,,,,
2014, 7, 5, 4,   0.00,   0.00,,,,,,,,,,,,,,,,,,,,,,,,,,,,,,
2014, 7, 5, 5,   0.01,   0.00,,,,,,,,,,,,,,,,,,,,,,,,,,,,,,
2014, 7, 5, 6,   0.38,   0.00,,,,,,,,,,,,,,,,,,,,,,,,,,,,,,
2014, 7, 5, 7,   1.84,   0.00,,,,,,,,,,,,,,,,,,,,,,,,,,,,,,
2014, 7, 5, 8,   1.92,   0.00,,,,,,,,,,,,,,,,,,,,,,,,,,,,,,
2014, 7, 5, 9,   4.38,   0.00,,,,,,,,,,,,,,,,,,,,,,,,,,,,,,
2014, 7, 5,10,   5.05,   0.00,,,,,,,,,,,,,,,,,,,,,,,,,,,,,,
2014, 7, 5,11,   5.58,   0.00,,,,,,,,,,,,,,,,,,,,,,,,,,,,,,
2014, 7, 5,12,   7.17,   0.00,,,,,,,,,,,,,,,,,,,,,,,,,,,,,,
2014, 7, 5,13,   7.49,   0.00,,,,,,,,,,,,,,,,,,,,,,,,,,,,,,
2014, 7, 5,14,   8.12,   0.00,,,,,,,,,,,,,,,,,,,,,,,,,,,,,,
2014, 7, 5,15,   2.69,   0.00,,,,,,,,,,,,,,,,,,,,,,,,,,,,,,
2014, 7, 5,16,   3.63,   0.00,,,,,,,,,,,,,,,,,,,,,,,,,,,,,,
2014, 7, 5,17,   3.10,   0.00,,,,,,,,,,,,,,,,,,,,,,,,,,,,,,
2014, 7, 5,18,   1.48,   0.00,,,,,,,,,,,,,,,,,,,,,,,,,,,,,,
2014, 7, 5,19,   0.38,   0.00,,,,,,,,,,,,,,,,,,,,,,,,,,,,,,
2014, 7, 5,20,   0.00,   0.03,,,,,,,,,,,,,,,,,,,,,,,,,,,,,,
2014, 7, 5,21,   0.00,   0.00,,,,,,,,,,,,,,,,,,,,,,,,,,,,,,
2014, 7, 5,22,   0.01,   0.00,,,,,,,,,,,,,,,,,,,,,,,,,,,,,,
2014, 7, 5,23,   0.00,   0.00,,,,,,,,,,,,,,,,,,,,,,,,,,,,,,
2014, 7, 5,24,   0.01,   0.00,,,,,,,,,,,,,,,,,,,,,,,,,,,,,,
2014, 7, 6, 1,   0.00,   0.00,,,,,,,,,,,,,,,,,,,,,,,,,,,,,,
2014, 7, 6, 2,   0.01,   0.00,,,,,,,,,,,,,,,,,,,,,,,,,,,,,,
2014, 7, 6, 3,   0.00,   0.00,,,,,,,,,,,,,,,,,,,,,,,,,,,,,,
2014, 7, 6, 4,   0.00,   0.00,,,,,,,,,,,,,,,,,,,,,,,,,,,,,,
2014, 7, 6, 5,   0.01,   0.00,,,,,,,,,,,,,,,,,,,,,,,,,,,,,,
2014, 7, 6, 6,   0.54,   0.00,,,,,,,,,,,,,,,,,,,,,,,,,,,,,,
2014, 7, 6, 7,   2.34,   0.00,,,,,,,,,,,,,,,,,,,,,,,,,,,,,,
2014, 7, 6, 8,   5.72,   0.00,,,,,,,,,,,,,,,,,,,,,,,,,,,,,,
2014, 7, 6, 9,   7.55,   0.00,,,,,,,,,,,,,,,,,,,,,,,,,,,,,,
2014, 7, 6,10,   6.83,   0.00,,,,,,,,,,,,,,,,,,,,,,,,,,,,,,
2014, 7, 6,11,   8.49,   0.00,,,,,,,,,,,,,,,,,,,,,,,,,,,,,,
2014, 7, 6,12,   6.82,   0.00,,,,,,,,,,,,,,,,,,,,,,,,,,,,,,
2014, 7, 6,13,   6.19,   0.00,,,,,,,,,,,,,,,,,,,,,,,,,,,,,,
2014, 7, 6,14,   4.64,   0.00,,,,,,,,,,,,,,,,,,,,,,,,,,,,,,
2014, 7, 6,15,   2.81,   0.00,,,,,,,,,,,,,,,,,,,,,,,,,,,,,,
2014, 7, 6,16,   2.42,   0.00,,,,,,,,,,,,,,,,,,,,,,,,,,,,,,
2014, 7, 6,17,   1.46,   0.00,,,,,,,,,,,,,,,,,,,,,,,,,,,,,,
2014, 7, 6,18,   0.37,   0.00,,,,,,,,,,,,,,,,,,,,,,,,,,,,,,
2014, 7, 6,19,   0.15,   0.01,,,,,,,,,,,,,,,,,,,,,,,,,,,,,,
2014, 7, 6,20,   0.01,   0.01,,,,,,,,,,,,,,,,,,,,,,,,,,,,,,
2014, 7, 6,21,   0.00,   0.00,,,,,,,,,,,,,,,,,,,,,,,,,,,,,,
2014, 7, 6,22,   0.00,   0.00,,,,,,,,,,,,,,,,,,,,,,,,,,,,,,
2014, 7, 6,23,   0.01,   0.00,,,,,,,,,,,,,,,,,,,,,,,,,,,,,,
2014, 7, 6,24,   0.00,   0.00,,,,,,,,,,,,,,,,,,,,,,,,,,,,,,
2014, 7, 7, 1,   0.01,   0.00,,,,,,,,,,,,,,,,,,,,,,,,,,,,,,
2014, 7, 7, 2,   0.00,   0.00,,,,,,,,,,,,,,,,,,,,,,,,,,,,,,
2014, 7, 7, 3,   0.01,   0.00,,,,,,,,,,,,,,,,,,,,,,,,,,,,,,
2014, 7, 7, 4,   0.00,   0.00,,,,,,,,,,,,,,,,,,,,,,,,,,,,,,
2014, 7, 7, 5,   0.00,   0.00,,,,,,,,,,,,,,,,,,,,,,,,,,,,,,
2014, 7, 7, 6,   0.02,   0.00,,,,,,,,,,,,,,,,,,,,,,,,,,,,,,
2014, 7, 7, 7,   0.34,   0.00,,,,,,,,,,,,,,,,,,,,,,,,,,,,,,
2014, 7, 7, 8,   4.14,   0.00,,,,,,,,,,,,,,,,,,,,,,,,,,,,,,
2014, 7, 7, 9,   3.25,   0.00,,,,,,,,,,,,,,,,,,,,,,,,,,,,,,
2014, 7, 7,10,   6.34,   0.00,,,,,,,,,,,,,,,,,,,,,,,,,,,,,,
2014, 7, 7,11,   5.12,   0.00,,,,,,,,,,,,,,,,,,,,,,,,,,,,,,
2014, 7, 7,12,   7.19,   0.00,,,,,,,,,,,,,,,,,,,,,,,,,,,,,,
2014, 7, 7,13,   5.57,   0.00,,,,,,,,,,,,,,,,,,,,,,,,,,,,,,
2014, 7, 7,14,   4.11,   0.00,,,,,,,,,,,,,,,,,,,,,,,,,,,,,,
2014, 7, 7,15,   3.19,   0.00,,,,,,,,,,,,,,,,,,,,,,,,,,,,,,
2014, 7, 7,16,   1.82,   0.00,,,,,,,,,,,,,,,,,,,,,,,,,,,,,,
2014, 7, 7,17,   1.71,   0.00,,,,,,,,,,,,,,,,,,,,,,,,,,,,,,
2014, 7, 7,18,   0.79,   0.00,,,,,,,,,,,,,,,,,,,,,,,,,,,,,,
2014, 7, 7,19,   0.33,   0.01,,,,,,,,,,,,,,,,,,,,,,,,,,,,,,
2014, 7, 7,20,   0.01,   0.02,,,,,,,,,,,,,,,,,,,,,,,,,,,,,,
2014, 7, 7,21,   0.00,   0.00,,,,,,,,,,,,,,,,,,,,,,,,,,,,,,
2014, 7, 7,22,   0.00,   0.00,,,,,,,,,,,,,,,,,,,,,,,,,,,,,,
2014, 7, 7,23,   0.01,   0.00,,,,,,,,,,,,,,,,,,,,,,,,,,,,,,
2014, 7, 7,24,   0.00,   0.00,,,,,,,,,,,,,,,,,,,,,,,,,,,,,,
2014, 7, 8, 1,   0.01,   0.00,,,,,,,,,,,,,,,,,,,,,,,,,,,,,,
2014, 7, 8, 2,   0.00,   0.00,,,,,,,,,,,,,,,,,,,,,,,,,,,,,,
2014, 7, 8, 3,   0.01,   0.00,,,,,,,,,,,,,,,,,,,,,,,,,,,,,,
2014, 7, 8, 4,   0.00,   0.00,,,,,,,,,,,,,,,,,,,,,,,,,,,,,,
2014, 7, 8, 5,   0.01,   0.00,,,,,,,,,,,,,,,,,,,,,,,,,,,,,,
2014, 7, 8, 6,   0.19,   0.01,,,,,,,,,,,,,,,,,,,,,,,,,,,,,,
2014, 7, 8, 7,   0.78,   0.00,,,,,,,,,,,,,,,,,,,,,,,,,,,,,,
2014, 7, 8, 8,   2.23,   0.00,,,,,,,,,,,,,,,,,,,,,,,,,,,,,,
2014, 7, 8, 9,   2.77,   0.00,,,,,,,,,,,,,,,,,,,,,,,,,,,,,,
2014, 7, 8,10,   7.12,   0.00,,,,,,,,,,,,,,,,,,,,,,,,,,,,,,
2014, 7, 8,11,   7.38,   0.00,,,,,,,,,,,,,,,,,,,,,,,,,,,,,,
2014, 7, 8,12,   7.24,   0.00,,,,,,,,,,,,,,,,,,,,,,,,,,,,,,
2014, 7, 8,13,   6.30,   0.00,,,,,,,,,,,,,,,,,,,,,,,,,,,,,,
2014, 7, 8,14,   4.77,   0.00,,,,,,,,,,,,,,,,,,,,,,,,,,,,,,
2014, 7, 8,15,   6.12,   0.00,,,,,,,,,,,,,,,,,,,,,,,,,,,,,,
2014, 7, 8,16,   5.66,   0.00,,,,,,,,,,,,,,,,,,,,,,,,,,,,,,
2014, 7, 8,17,   4.23,   0.00,,,,,,,,,,,,,,,,,,,,,,,,,,,,,,
2014, 7, 8,18,   2.31,   0.00,,,,,,,,,,,,,,,,,,,,,,,,,,,,,,
2014, 7, 8,19,   0.52,   0.00,,,,,,,,,,,,,,,,,,,,,,,,,,,,,,
2014, 7, 8,20,   0.00,   0.02,,,,,,,,,,,,,,,,,,,,,,,,,,,,,,
2014, 7, 8,21,   0.00,   0.00,,,,,,,,,,,,,,,,,,,,,,,,,,,,,,
2014, 7, 8,22,   0.01,   0.00,,,,,,,,,,,,,,,,,,,,,,,,,,,,,,
2014, 7, 8,23,   0.00,   0.00,,,,,,,,,,,,,,,,,,,,,,,,,,,,,,
2014, 7, 8,24,   0.01,   0.00,,,,,,,,,,,,,,,,,,,,,,,,,,,,,,
2014, 7, 9, 1,   0.00,   0.00,,,,,,,,,,,,,,,,,,,,,,,,,,,,,,
2014, 7, 9, 2,   0.00,   0.00,,,,,,,,,,,,,,,,,,,,,,,,,,,,,,
2014, 7, 9, 3,   0.01,   0.00,,,,,,,,,,,,,,,,,,,,,,,,,,,,,,
2014, 7, 9, 4,   0.00,   0.00,,,,,,,,,,,,,,,,,,,,,,,,,,,,,,
2014, 7, 9, 5,   0.01,   0.00,,,,,,,,,,,,,,,,,,,,,,,,,,,,,,
2014, 7, 9, 6,   0.42,   0.00,,,,,,,,,,,,,,,,,,,,,,,,,,,,,,
2014, 7, 9, 7,   2.42,   0.00,,,,,,,,,,,,,,,,,,,,,,,,,,,,,,
2014, 7, 9, 8,   4.29,   0.00,,,,,,,,,,,,,,,,,,,,,,,,,,,,,,
2014, 7, 9, 9,   4.61,   0.00,,,,,,,,,,,,,,,,,,,,,,,,,,,,,,
2014, 7, 9,10,   2.84,   0.00,,,,,,,,,,,,,,,,,,,,,,,,,,,,,,
2014, 7, 9,11,   3.66,   0.00,,,,,,,,,,,,,,,,,,,,,,,,,,,,,,
2014, 7, 9,12,   3.16,   0.00,,,,,,,,,,,,,,,,,,,,,,,,,,,,,,
2014, 7, 9,13,   2.10,   0.00,,,,,,,,,,,,,,,,,,,,,,,,,,,,,,
2014, 7, 9,14,   1.48,   0.00,,,,,,,,,,,,,,,,,,,,,,,,,,,,,,
2014, 7, 9,15,   1.45,   0.00,,,,,,,,,,,,,,,,,,,,,,,,,,,,,,
2014, 7, 9,16,   1.08,   0.00,,,,,,,,,,,,,,,,,,,,,,,,,,,,,,
2014, 7, 9,17,   1.58,   0.00,,,,,,,,,,,,,,,,,,,,,,,,,,,,,,
2014, 7, 9,18,   1.74,   0.00,,,,,,,,,,,,,,,,,,,,,,,,,,,,,,
2014, 7, 9,19,   0.53,   0.00,,,,,,,,,,,,,,,,,,,,,,,,,,,,,,
2014, 7, 9,20,   0.01,   0.03,,,,,,,,,,,,,,,,,,,,,,,,,,,,,,
2014, 7, 9,21,   0.00,   0.00,,,,,,,,,,,,,,,,,,,,,,,,,,,,,,
2014, 7, 9,22,   0.00,   0.00,,,,,,,,,,,,,,,,,,,,,,,,,,,,,,
2014, 7, 9,23,   0.01,   0.00,,,,,,,,,,,,,,,,,,,,,,,,,,,,,,
2014, 7, 9,24,   0.00,   0.00,,,,,,,,,,,,,,,,,,,,,,,,,,,,,,
2014, 7,10, 1,   0.01,   0.00,,,,,,,,,,,,,,,,,,,,,,,,,,,,,,
2014, 7,10, 2,   0.00,   0.00,,,,,,,,,,,,,,,,,,,,,,,,,,,,,,
2014, 7,10, 3,   0.01,   0.00,,,,,,,,,,,,,,,,,,,,,,,,,,,,,,
2014, 7,10, 4,   0.00,   0.00,,,,,,,,,,,,,,,,,,,,,,,,,,,,,,
2014, 7,10, 5,   0.00,   0.00,,,,,,,,,,,,,,,,,,,,,,,,,,,,,,
2014, 7,10, 6,   0.01,   0.00,,,,,,,,,,,,,,,,,,,,,,,,,,,,,,
2014, 7,10, 7,   0.10,   0.00,,,,,,,,,,,,,,,,,,,,,,,,,,,,,,
2014, 7,10, 8,   0.42,   0.00,,,,,,,,,,,,,,,,,,,,,,,,,,,,,,
2014, 7,10, 9,   0.67,   0.00,,,,,,,,,,,,,,,,,,,,,,,,,,,,,,
2014, 7,10,10,   1.62,   0.00,,,,,,,,,,,,,,,,,,,,,,,,,,,,,,
2014, 7,10,11,   2.10,   0.00,,,,,,,,,,,,,,,,,,,,,,,,,,,,,,
2014, 7,10,12,   1.37,   0.00,,,,,,,,,,,,,,,,,,,,,,,,,,,,,,
2014, 7,10,13,   1.50,   0.00,,,,,,,,,,,,,,,,,,,,,,,,,,,,,,
2014, 7,10,14,   1.82,   0.00,,,,,,,,,,,,,,,,,,,,,,,,,,,,,,
2014, 7,10,15,   2.46,   0.00,,,,,,,,,,,,,,,,,,,,,,,,,,,,,,
2014, 7,10,16,   1.75,   0.00,,,,,,,,,,,,,,,,,,,,,,,,,,,,,,
2014, 7,10,17,   0.92,   0.00,,,,,,,,,,,,,,,,,,,,,,,,,,,,,,
2014, 7,10,18,   1.50,   0.00,,,,,,,,,,,,,,,,,,,,,,,,,,,,,,
2014, 7,10,19,   0.40,   0.00,,,,,,,,,,,,,,,,,,,,,,,,,,,,,,
2014, 7,10,20,   0.00,   0.02,,,,,,,,,,,,,,,,,,,,,,,,,,,,,,
2014, 7,10,21,   0.01,   0.00,,,,,,,,,,,,,,,,,,,,,,,,,,,,,,
2014, 7,10,22,   0.00,   0.00,,,,,,,,,,,,,,,,,,,,,,,,,,,,,,
2014, 7,10,23,   0.01,   0.00,,,,,,,,,,,,,,,,,,,,,,,,,,,,,,
2014, 7,10,24,   0.00,   0.00,,,,,,,,,,,,,,,,,,,,,,,,,,,,,,
2014, 7,11, 1,   0.00,   0.00,,,,,,,,,,,,,,,,,,,,,,,,,,,,,,
2014, 7,11, 2,   0.01,   0.00,,,,,,,,,,,,,,,,,,,,,,,,,,,,,,
2014, 7,11, 3,   0.00,   0.00,,,,,,,,,,,,,,,,,,,,,,,,,,,,,,
2014, 7,11, 4,   0.01,   0.00,,,,,,,,,,,,,,,,,,,,,,,,,,,,,,
2014, 7,11, 5,   0.00,   0.00,,,,,,,,,,,,,,,,,,,,,,,,,,,,,,
2014, 7,11, 6,   0.01,   0.00,,,,,,,,,,,,,,,,,,,,,,,,,,,,,,
2014, 7,11, 7,   0.66,   0.00,,,,,,,,,,,,,,,,,,,,,,,,,,,,,,
2014, 7,11, 8,   2.19,   0.00,,,,,,,,,,,,,,,,,,,,,,,,,,,,,,
2014, 7,11, 9,   3.26,   0.00,,,,,,,,,,,,,,,,,,,,,,,,,,,,,,
2014, 7,11,10,   3.83,   0.00,,,,,,,,,,,,,,,,,,,,,,,,,,,,,,
2014, 7,11,11,   3.34,   0.00,,,,,,,,,,,,,,,,,,,,,,,,,,,,,,
2014, 7,11,12,   5.79,   0.00,,,,,,,,,,,,,,,,,,,,,,,,,,,,,,
2014, 7,11,13,   6.27,   0.00,,,,,,,,,,,,,,,,,,,,,,,,,,,,,,
2014, 7,11,14,   8.61,   0.00,,,,,,,,,,,,,,,,,,,,,,,,,,,,,,
2014, 7,11,15,   7.91,   0.00,,,,,,,,,,,,,,,,,,,,,,,,,,,,,,
2014, 7,11,16,   7.24,   0.00,,,,,,,,,,,,,,,,,,,,,,,,,,,,,,
2014, 7,11,17,   3.79,   0.00,,,,,,,,,,,,,,,,,,,,,,,,,,,,,,
2014, 7,11,18,   2.14,   0.00,,,,,,,,,,,,,,,,,,,,,,,,,,,,,,
2014, 7,11,19,   0.30,   0.01,,,,,,,,,,,,,,,,,,,,,,,,,,,,,,
2014, 7,11,20,   0.00,   0.02,,,,,,,,,,,,,,,,,,,,,,,,,,,,,,
2014, 7,11,21,   0.01,   0.00,,,,,,,,,,,,,,,,,,,,,,,,,,,,,,
2014, 7,11,22,   0.00,   0.00,,,,,,,,,,,,,,,,,,,,,,,,,,,,,,
2014, 7,11,23,   0.00,   0.00,,,,,,,,,,,,,,,,,,,,,,,,,,,,,,
2014, 7,11,24,   0.01,   0.00,,,,,,,,,,,,,,,,,,,,,,,,,,,,,,
2014, 7,12, 1,   0.00,   0.00,,,,,,,,,,,,,,,,,,,,,,,,,,,,,,
2014, 7,12, 2,   0.01,   0.00,,,,,,,,,,,,,,,,,,,,,,,,,,,,,,
2014, 7,12, 3,   0.00,   0.00,,,,,,,,,,,,,,,,,,,,,,,,,,,,,,
2014, 7,12, 4,   0.01,   0.00,,,,,,,,,,,,,,,,,,,,,,,,,,,,,,
2014, 7,12, 5,   0.00,   0.00,,,,,,,,,,,,,,,,,,,,,,,,,,,,,,
2014, 7,12, 6,   0.44,   0.00,,,,,,,,,,,,,,,,,,,,,,,,,,,,,,
2014, 7,12, 7,   3.54,   0.00,,,,,,,,,,,,,,,,,,,,,,,,,,,,,,
2014, 7,12, 8,   7.56,   0.00,,,,,,,,,,,,,,,,,,,,,,,,,,,,,,
2014, 7,12, 9,   8.15,   0.00,,,,,,,,,,,,,,,,,,,,,,,,,,,,,,
2014, 7,12,10,   9.56,   0.00,,,,,,,,,,,,,,,,,,,,,,,,,,,,,,
2014, 7,12,11,   9.52,   0.00,,,,,,,,,,,,,,,,,,,,,,,,,,,,,,
2014, 7,12,12,   9.82,   0.00,,,,,,,,,,,,,,,,,,,,,,,,,,,,,,
2014, 7,12,13,   9.64,   0.00,,,,,,,,,,,,,,,,,,,,,,,,,,,,,,
2014, 7,12,14,   8.19,   0.00,,,,,,,,,,,,,,,,,,,,,,,,,,,,,,
2014, 7,12,15,   7.73,   0.00,,,,,,,,,,,,,,,,,,,,,,,,,,,,,,
2014, 7,12,16,   5.26,   0.00,,,,,,,,,,,,,,,,,,,,,,,,,,,,,,
2014, 7,12,17,   3.03,   0.00,,,,,,,,,,,,,,,,,,,,,,,,,,,,,,
2014, 7,12,18,   1.51,   0.00,,,,,,,,,,,,,,,,,,,,,,,,,,,,,,
2014, 7,12,19,   0.60,   0.01,,,,,,,,,,,,,,,,,,,,,,,,,,,,,,
2014, 7,12,20,   0.00,   0.02,,,,,,,,,,,,,,,,,,,,,,,,,,,,,,
2014, 7,12,21,   0.01,   0.00,,,,,,,,,,,,,,,,,,,,,,,,,,,,,,
2014, 7,12,22,   0.00,   0.00,,,,,,,,,,,,,,,,,,,,,,,,,,,,,,
2014, 7,12,23,   0.01,   0.00,,,,,,,,,,,,,,,,,,,,,,,,,,,,,,
2014, 7,12,24,   0.00,   0.00,,,,,,,,,,,,,,,,,,,,,,,,,,,,,,
2014, 7,13, 1,   0.01,   0.00,,,,,,,,,,,,,,,,,,,,,,,,,,,,,,
2014, 7,13, 2,   0.00,   0.00,,,,,,,,,,,,,,,,,,,,,,,,,,,,,,
2014, 7,13, 3,   0.00,   0.00,,,,,,,,,,,,,,,,,,,,,,,,,,,,,,
2014, 7,13, 4,   0.01,   0.00,,,,,,,,,,,,,,,,,,,,,,,,,,,,,,
2014, 7,13, 5,   0.00,   0.00,,,,,,,,,,,,,,,,,,,,,,,,,,,,,,
2014, 7,13, 6,   0.11,   0.00,,,,,,,,,,,,,,,,,,,,,,,,,,,,,,
2014, 7,13, 7,   0.79,   0.00,,,,,,,,,,,,,,,,,,,,,,,,,,,,,,
2014, 7,13, 8,   2.86,   0.00,,,,,,,,,,,,,,,,,,,,,,,,,,,,,,
2014, 7,13, 9,   2.02,   0.00,,,,,,,,,,,,,,,,,,,,,,,,,,,,,,
2014, 7,13,10,   1.43,   0.00,,,,,,,,,,,,,,,,,,,,,,,,,,,,,,
2014, 7,13,11,   4.22,   0.00,,,,,,,,,,,,,,,,,,,,,,,,,,,,,,
2014, 7,13,12,   7.06,   0.00,,,,,,,,,,,,,,,,,,,,,,,,,,,,,,
2014, 7,13,13,   7.33,   0.00,,,,,,,,,,,,,,,,,,,,,,,,,,,,,,
2014, 7,13,14,   5.99,   0.00,,,,,,,,,,,,,,,,,,,,,,,,,,,,,,
2014, 7,13,15,   4.33,   0.00,,,,,,,,,,,,,,,,,,,,,,,,,,,,,,
2014, 7,13,16,   4.60,   0.00,,,,,,,,,,,,,,,,,,,,,,,,,,,,,,
2014, 7,13,17,   1.55,   0.00,,,,,,,,,,,,,,,,,,,,,,,,,,,,,,
2014, 7,13,18,   0.70,   0.00,,,,,,,,,,,,,,,,,,,,,,,,,,,,,,
2014, 7,13,19,   0.43,   0.00,,,,,,,,,,,,,,,,,,,,,,,,,,,,,,
2014, 7,13,20,   0.00,   0.03,,,,,,,,,,,,,,,,,,,,,,,,,,,,,,
2014, 7,13,21,   0.01,   0.00,,,,,,,,,,,,,,,,,,,,,,,,,,,,,,
2014, 7,13,22,   0.00,   0.00,,,,,,,,,,,,,,,,,,,,,,,,,,,,,,
2014, 7,13,23,   0.00,   0.00,,,,,,,,,,,,,,,,,,,,,,,,,,,,,,
2014, 7,13,24,   0.01,   0.00,,,,,,,,,,,,,,,,,,,,,,,,,,,,,,
2014, 7,14, 1,   0.00,   0.00,,,,,,,,,,,,,,,,,,,,,,,,,,,,,,
2014, 7,14, 2,   0.01,   0.00,,,,,,,,,,,,,,,,,,,,,,,,,,,,,,
2014, 7,14, 3,   0.00,   0.00,,,,,,,,,,,,,,,,,,,,,,,,,,,,,,
2014, 7,14, 4,   0.01,   0.00,,,,,,,,,,,,,,,,,,,,,,,,,,,,,,
2014, 7,14, 5,   0.00,   0.00,,,,,,,,,,,,,,,,,,,,,,,,,,,,,,
2014, 7,14, 6,   0.01,   0.00,,,,,,,,,,,,,,,,,,,,,,,,,,,,,,
2014, 7,14, 7,   0.05,   0.00,,,,,,,,,,,,,,,,,,,,,,,,,,,,,,
2014, 7,14, 8,   0.53,   0.00,,,,,,,,,,,,,,,,,,,,,,,,,,,,,,
2014, 7,14, 9,   0.55,   0.00,,,,,,,,,,,,,,,,,,,,,,,,,,,,,,
2014, 7,14,10,   0.79,   0.01,,,,,,,,,,,,,,,,,,,,,,,,,,,,,,
2014, 7,14,11,   1.15,   0.00,,,,,,,,,,,,,,,,,,,,,,,,,,,,,,
2014, 7,14,12,   1.93,   0.00,,,,,,,,,,,,,,,,,,,,,,,,,,,,,,
2014, 7,14,13,   3.85,   0.00,,,,,,,,,,,,,,,,,,,,,,,,,,,,,,
2014, 7,14,14,   3.07,   0.00,,,,,,,,,,,,,,,,,,,,,,,,,,,,,,
2014, 7,14,15,   2.39,   0.00,,,,,,,,,,,,,,,,,,,,,,,,,,,,,,
2014, 7,14,16,   0.33,   0.00,,,,,,,,,,,,,,,,,,,,,,,,,,,,,,
2014, 7,14,17,   3.20,   0.00,,,,,,,,,,,,,,,,,,,,,,,,,,,,,,
2014, 7,14,18,   1.72,   0.00,,,,,,,,,,,,,,,,,,,,,,,,,,,,,,
2014, 7,14,19,   0.23,   0.02,,,,,,,,,,,,,,,,,,,,,,,,,,,,,,
2014, 7,14,20,   0.00,   0.01,,,,,,,,,,,,,,,,,,,,,,,,,,,,,,
2014, 7,14,21,   0.00,   0.00,,,,,,,,,,,,,,,,,,,,,,,,,,,,,,
2014, 7,14,22,   0.01,   0.00,,,,,,,,,,,,,,,,,,,,,,,,,,,,,,
2014, 7,14,23,   0.00,   0.00,,,,,,,,,,,,,,,,,,,,,,,,,,,,,,
2014, 7,14,24,   0.01,   0.00,,,,,,,,,,,,,,,,,,,,,,,,,,,,,,
2014, 7,15, 1,   0.00,   0.00,,,,,,,,,,,,,,,,,,,,,,,,,,,,,,
2014, 7,15, 2,   0.00,   0.00,,,,,,,,,,,,,,,,,,,,,,,,,,,,,,
2014, 7,15, 3,   0.01,   0.00,,,,,,,,,,,,,,,,,,,,,,,,,,,,,,
2014, 7,15, 4,   0.00,   0.00,,,,,,,,,,,,,,,,,,,,,,,,,,,,,,
2014, 7,15, 5,   0.01,   0.00,,,,,,,,,,,,,,,,,,,,,,,,,,,,,,
2014, 7,15, 6,   0.23,   0.00,,,,,,,,,,,,,,,,,,,,,,,,,,,,,,
2014, 7,15, 7,   1.43,   0.00,,,,,,,,,,,,,,,,,,,,,,,,,,,,,,
2014, 7,15, 8,   3.09,   0.00,,,,,,,,,,,,,,,,,,,,,,,,,,,,,,
2014, 7,15, 9,   5.47,   0.00,,,,,,,,,,,,,,,,,,,,,,,,,,,,,,
2014, 7,15,10,   9.37,   0.00,,,,,,,,,,,,,,,,,,,,,,,,,,,,,,
2014, 7,15,11,   9.34,   0.00,,,,,,,,,,,,,,,,,,,,,,,,,,,,,,
2014, 7,15,12,   8.53,   0.00,,,,,,,,,,,,,,,,,,,,,,,,,,,,,,
2014, 7,15,13,   8.43,   0.00,,,,,,,,,,,,,,,,,,,,,,,,,,,,,,
2014, 7,15,14,   8.82,   0.00,,,,,,,,,,,,,,,,,,,,,,,,,,,,,,
2014, 7,15,15,   5.12,   0.00,,,,,,,,,,,,,,,,,,,,,,,,,,,,,,
2014, 7,15,16,   4.71,   0.00,,,,,,,,,,,,,,,,,,,,,,,,,,,,,,
2014, 7,15,17,   3.15,   0.00,,,,,,,,,,,,,,,,,,,,,,,,,,,,,,
2014, 7,15,18,   0.98,   0.00,,,,,,,,,,,,,,,,,,,,,,,,,,,,,,
2014, 7,15,19,   0.17,   0.01,,,,,,,,,,,,,,,,,,,,,,,,,,,,,,
2014, 7,15,20,   0.01,   0.00,,,,,,,,,,,,,,,,,,,,,,,,,,,,,,
2014, 7,15,21,   0.00,   0.00,,,,,,,,,,,,,,,,,,,,,,,,,,,,,,
2014, 7,15,22,   0.00,   0.00,,,,,,,,,,,,,,,,,,,,,,,,,,,,,,
2014, 7,15,23,       ,       ,,,,,,,,,,,,,,,,,,,,,,,,,,,,,,
2014, 7,15,24,       ,       ,,,,,,,,,,,,,,,,,,,,,,,,,,,,,,
2014, 7,16, 1,       ,       ,,,,,,,,,,,,,,,,,,,,,,,,,,,,,,
2014, 7,16, 2,       ,       ,,,,,,,,,,,,,,,,,,,,,,,,,,,,,,
2014, 7,16, 3,       ,       ,,,,,,,,,,,,,,,,,,,,,,,,,,,,,,
2014, 7,16, 4,   0.01,   0.00,,,,,,,,,,,,,,,,,,,,,,,,,,,,,,
2014, 7,16, 5,   0.00,   0.00,,,,,,,,,,,,,,,,,,,,,,,,,,,,,,
2014, 7,16, 6,   0.60,   0.00,,,,,,,,,,,,,,,,,,,,,,,,,,,,,,
2014, 7,16, 7,   3.05,   0.00,,,,,,,,,,,,,,,,,,,,,,,,,,,,,,
2014, 7,16, 8,   5.66,   0.00,,,,,,,,,,,,,,,,,,,,,,,,,,,,,,
2014, 7,16, 9,   6.75,   0.00,,,,,,,,,,,,,,,,,,,,,,,,,,,,,,
2014, 7,16,10,   7.13,   0.00,,,,,,,,,,,,,,,,,,,,,,,,,,,,,,
2014, 7,16,11,   7.17,   0.00,,,,,,,,,,,,,,,,,,,,,,,,,,,,,,
2014, 7,16,12,   7.29,   0.00,,,,,,,,,,,,,,,,,,,,,,,,,,,,,,
2014, 7,16,13,   7.21,   0.00,,,,,,,,,,,,,,,,,,,,,,,,,,,,,,
2014, 7,16,14,   7.04,   0.00,,,,,,,,,,,,,,,,,,,,,,,,,,,,,,
2014, 7,16,15,   6.84,   0.00,,,,,,,,,,,,,,,,,,,,,,,,,,,,,,
2014, 7,16,16,   5.61,   0.00,,,,,,,,,,,,,,,,,,,,,,,,,,,,,,
2014, 7,16,17,   2.65,   0.00,,,,,,,,,,,,,,,,,,,,,,,,,,,,,,
2014, 7,16,18,   0.59,   0.00,,,,,,,,,,,,,,,,,,,,,,,,,,,,,,
2014, 7,16,19,   0.35,   0.00,,,,,,,,,,,,,,,,,,,,,,,,,,,,,,
2014, 7,16,20,   0.00,   0.01,,,,,,,,,,,,,,,,,,,,,,,,,,,,,,
2014, 7,16,21,   0.01,   0.00,,,,,,,,,,,,,,,,,,,,,,,,,,,,,,
2014, 7,16,22,   0.00,   0.00,,,,,,,,,,,,,,,,,,,,,,,,,,,,,,
2014, 7,16,23,       ,       ,,,,,,,,,,,,,,,,,,,,,,,,,,,,,,
2014, 7,16,24,       ,       ,,,,,,,,,,,,,,,,,,,,,,,,,,,,,,
2014, 7,17, 1,       ,       ,,,,,,,,,,,,,,,,,,,,,,,,,,,,,,
2014, 7,17, 2,       ,       ,,,,,,,,,,,,,,,,,,,,,,,,,,,,,,
2014, 7,17, 3,       ,       ,,,,,,,,,,,,,,,,,,,,,,,,,,,,,,
2014, 7,17, 4,   0.00,   0.00,,,,,,,,,,,,,,,,,,,,,,,,,,,,,,
2014, 7,17, 5,   0.01,   0.00,,,,,,,,,,,,,,,,,,,,,,,,,,,,,,
2014, 7,17, 6,   0.50,   0.00,,,,,,,,,,,,,,,,,,,,,,,,,,,,,,
2014, 7,17, 7,   2.95,   0.00,,,,,,,,,,,,,,,,,,,,,,,,,,,,,,
2014, 7,17, 8,   5.38,   0.00,,,,,,,,,,,,,,,,,,,,,,,,,,,,,,
2014, 7,17, 9,   6.77,   0.00,,,,,,,,,,,,,,,,,,,,,,,,,,,,,,
2014, 7,17,10,   6.55,   0.00,,,,,,,,,,,,,,,,,,,,,,,,,,,,,,
2014, 7,17,11,   6.26,   0.00,,,,,,,,,,,,,,,,,,,,,,,,,,,,,,
2014, 7,17,12,   6.77,   0.00,,,,,,,,,,,,,,,,,,,,,,,,,,,,,,
2014, 7,17,13,   6.02,   0.00,,,,,,,,,,,,,,,,,,,,,,,,,,,,,,
2014, 7,17,14,   6.39,   0.00,,,,,,,,,,,,,,,,,,,,,,,,,,,,,,
2014, 7,17,15,   5.44,   0.00,,,,,,,,,,,,,,,,,,,,,,,,,,,,,,
2014, 7,17,16,   2.11,   0.00,,,,,,,,,,,,,,,,,,,,,,,,,,,,,,
2014, 7,17,17,   3.01,   0.00,,,,,,,,,,,,,,,,,,,,,,,,,,,,,,
2014, 7,17,18,   0.90,   0.00,,,,,,,,,,,,,,,,,,,,,,,,,,,,,,
2014, 7,17,19,   0.32,   0.00,,,,,,,,,,,,,,,,,,,,,,,,,,,,,,
2014, 7,17,20,   0.00,   0.01,,,,,,,,,,,,,,,,,,,,,,,,,,,,,,
2014, 7,17,21,   0.00,   0.00,,,,,,,,,,,,,,,,,,,,,,,,,,,,,,
2014, 7,17,22,   0.00,   0.00,,,,,,,,,,,,,,,,,,,,,,,,,,,,,,
2014, 7,17,23,       ,       ,,,,,,,,,,,,,,,,,,,,,,,,,,,,,,
2014, 7,17,24,       ,       ,,,,,,,,,,,,,,,,,,,,,,,,,,,,,,
2014, 7,18, 1,       ,       ,,,,,,,,,,,,,,,,,,,,,,,,,,,,,,
2014, 7,18, 2,       ,       ,,,,,,,,,,,,,,,,,,,,,,,,,,,,,,
2014, 7,18, 3,       ,       ,,,,,,,,,,,,,,,,,,,,,,,,,,,,,,
2014, 7,18, 4,   0.01,   0.00,,,,,,,,,,,,,,,,,,,,,,,,,,,,,,
2014, 7,18, 5,   0.00,   0.00,,,,,,,,,,,,,,,,,,,,,,,,,,,,,,
2014, 7,18, 6,   0.59,   0.00,,,,,,,,,,,,,,,,,,,,,,,,,,,,,,
2014, 7,18, 7,   3.15,   0.00,,,,,,,,,,,,,,,,,,,,,,,,,,,,,,
2014, 7,18, 8,   4.01,   0.00,,,,,,,,,,,,,,,,,,,,,,,,,,,,,,
2014, 7,18, 9,   4.57,   0.00,,,,,,,,,,,,,,,,,,,,,,,,,,,,,,
2014, 7,18,10,   6.78,   0.00,,,,,,,,,,,,,,,,,,,,,,,,,,,,,,
2014, 7,18,11,   6.87,   0.00,,,,,,,,,,,,,,,,,,,,,,,,,,,,,,
2014, 7,18,12,   6.49,   0.00,,,,,,,,,,,,,,,,,,,,,,,,,,,,,,
2014, 7,18,13,   6.44,   0.00,,,,,,,,,,,,,,,,,,,,,,,,,,,,,,
2014, 7,18,14,   5.41,   0.00,,,,,,,,,,,,,,,,,,,,,,,,,,,,,,
2014, 7,18,15,   3.63,   0.00,,,,,,,,,,,,,,,,,,,,,,,,,,,,,,
2014, 7,18,16,   4.94,   0.00,,,,,,,,,,,,,,,,,,,,,,,,,,,,,,
2014, 7,18,17,   3.03,   0.00,,,,,,,,,,,,,,,,,,,,,,,,,,,,,,
2014, 7,18,18,   1.18,   0.00,,,,,,,,,,,,,,,,,,,,,,,,,,,,,,
2014, 7,18,19,   0.21,   0.00,,,,,,,,,,,,,,,,,,,,,,,,,,,,,,
2014, 7,18,20,   0.00,   0.01,,,,,,,,,,,,,,,,,,,,,,,,,,,,,,
2014, 7,18,21,   0.01,   0.00,,,,,,,,,,,,,,,,,,,,,,,,,,,,,,
2014, 7,18,22,   0.00,   0.00,,,,,,,,,,,,,,,,,,,,,,,,,,,,,,
2014, 7,18,23,       ,       ,,,,,,,,,,,,,,,,,,,,,,,,,,,,,,
2014, 7,18,24,       ,       ,,,,,,,,,,,,,,,,,,,,,,,,,,,,,,
2014, 7,19, 1,       ,       ,,,,,,,,,,,,,,,,,,,,,,,,,,,,,,
2014, 7,19, 2,       ,       ,,,,,,,,,,,,,,,,,,,,,,,,,,,,,,
2014, 7,19, 3,       ,       ,,,,,,,,,,,,,,,,,,,,,,,,,,,,,,
2014, 7,19, 4,   0.00,   0.00,,,,,,,,,,,,,,,,,,,,,,,,,,,,,,
2014, 7,19, 5,   0.01,   0.00,,,,,,,,,,,,,,,,,,,,,,,,,,,,,,
2014, 7,19, 6,   0.09,   0.00,,,,,,,,,,,,,,,,,,,,,,,,,,,,,,
2014, 7,19, 7,   0.64,   0.00,,,,,,,,,,,,,,,,,,,,,,,,,,,,,,
2014, 7,19, 8,   1.73,   0.00,,,,,,,,,,,,,,,,,,,,,,,,,,,,,,
2014, 7,19, 9,   4.22,   0.00,,,,,,,,,,,,,,,,,,,,,,,,,,,,,,
2014, 7,19,10,   4.63,   0.00,,,,,,,,,,,,,,,,,,,,,,,,,,,,,,
2014, 7,19,11,   6.27,   0.00,,,,,,,,,,,,,,,,,,,,,,,,,,,,,,
2014, 7,19,12,   7.04,   0.00,,,,,,,,,,,,,,,,,,,,,,,,,,,,,,
2014, 7,19,13,   5.60,   0.00,,,,,,,,,,,,,,,,,,,,,,,,,,,,,,
2014, 7,19,14,   4.28,   0.00,,,,,,,,,,,,,,,,,,,,,,,,,,,,,,
2014, 7,19,15,   5.38,   0.00,,,,,,,,,,,,,,,,,,,,,,,,,,,,,,
2014, 7,19,16,   2.50,   0.00,,,,,,,,,,,,,,,,,,,,,,,,,,,,,,
2014, 7,19,17,   2.09,   0.00,,,,,,,,,,,,,,,,,,,,,,,,,,,,,,
2014, 7,19,18,   0.68,   0.00,,,,,,,,,,,,,,,,,,,,,,,,,,,,,,
2014, 7,19,19,   0.11,   0.01,,,,,,,,,,,,,,,,,,,,,,,,,,,,,,
2014, 7,19,20,   0.00,   0.01,,,,,,,,,,,,,,,,,,,,,,,,,,,,,,
2014, 7,19,21,   0.01,   0.00,,,,,,,,,,,,,,,,,,,,,,,,,,,,,,
2014, 7,19,22,   0.00,   0.00,,,,,,,,,,,,,,,,,,,,,,,,,,,,,,
2014, 7,19,23,       ,       ,,,,,,,,,,,,,,,,,,,,,,,,,,,,,,
2014, 7,19,24,       ,       ,,,,,,,,,,,,,,,,,,,,,,,,,,,,,,
2014, 7,20, 1,       ,       ,,,,,,,,,,,,,,,,,,,,,,,,,,,,,,
2014, 7,20, 2,       ,       ,,,,,,,,,,,,,,,,,,,,,,,,,,,,,,
2014, 7,20, 3,       ,       ,,,,,,,,,,,,,,,,,,,,,,,,,,,,,,
2014, 7,20, 4,   0.00,   0.00,,,,,,,,,,,,,,,,,,,,,,,,,,,,,,
2014, 7,20, 5,   0.01,   0.00,,,,,,,,,,,,,,,,,,,,,,,,,,,,,,
2014, 7,20, 6,   0.31,   0.00,,,,,,,,,,,,,,,,,,,,,,,,,,,,,,
2014, 7,20, 7,   0.87,   0.00,,,,,,,,,,,,,,,,,,,,,,,,,,,,,,
2014, 7,20, 8,   1.89,   0.00,,,,,,,,,,,,,,,,,,,,,,,,,,,,,,
2014, 7,20, 9,   3.55,   0.00,,,,,,,,,,,,,,,,,,,,,,,,,,,,,,
2014, 7,20,10,   5.54,   0.00,,,,,,,,,,,,,,,,,,,,,,,,,,,,,,
2014, 7,20,11,   5.18,   0.00,,,,,,,,,,,,,,,,,,,,,,,,,,,,,,
2014, 7,20,12,   6.47,   0.00,,,,,,,,,,,,,,,,,,,,,,,,,,,,,,
2014, 7,20,13,   6.66,   0.00,,,,,,,,,,,,,,,,,,,,,,,,,,,,,,
2014, 7,20,14,   6.60,   0.00,,,,,,,,,,,,,,,,,,,,,,,,,,,,,,
2014, 7,20,15,   5.67,   0.00,,,,,,,,,,,,,,,,,,,,,,,,,,,,,,
2014, 7,20,16,   3.39,   0.00,,,,,,,,,,,,,,,,,,,,,,,,,,,,,,
2014, 7,20,17,   4.41,   0.00,,,,,,,,,,,,,,,,,,,,,,,,,,,,,,
2014, 7,20,18,   1.39,   0.00,,,,,,,,,,,,,,,,,,,,,,,,,,,,,,
2014, 7,20,19,   0.25,   0.00,,,,,,,,,,,,,,,,,,,,,,,,,,,,,,
2014, 7,20,20,   0.01,   0.01,,,,,,,,,,,,,,,,,,,,,,,,,,,,,,
2014, 7,20,21,   0.00,   0.00,,,,,,,,,,,,,,,,,,,,,,,,,,,,,,
2014, 7,20,22,   0.00,   0.00,,,,,,,,,,,,,,,,,,,,,,,,,,,,,,
2014, 7,20,23,       ,       ,,,,,,,,,,,,,,,,,,,,,,,,,,,,,,
2014, 7,20,24,       ,       ,,,,,,,,,,,,,,,,,,,,,,,,,,,,,,
2014, 7,21, 1,       ,       ,,,,,,,,,,,,,,,,,,,,,,,,,,,,,,
2014, 7,21, 2,       ,       ,,,,,,,,,,,,,,,,,,,,,,,,,,,,,,
2014, 7,21, 3,       ,       ,,,,,,,,,,,,,,,,,,,,,,,,,,,,,,
2014, 7,21, 4,   0.01,   0.00,,,,,,,,,,,,,,,,,,,,,,,,,,,,,,
2014, 7,21, 5,   0.00,   0.00,,,,,,,,,,,,,,,,,,,,,,,,,,,,,,
2014, 7,21, 6,   0.79,   0.00,,,,,,,,,,,,,,,,,,,,,,,,,,,,,,
2014, 7,21, 7,   2.75,   0.00,,,,,,,,,,,,,,,,,,,,,,,,,,,,,,
2014, 7,21, 8,   5.02,   0.00,,,,,,,,,,,,,,,,,,,,,,,,,,,,,,
2014, 7,21, 9,   5.75,   0.00,,,,,,,,,,,,,,,,,,,,,,,,,,,,,,
2014, 7,21,10,   6.15,   0.00,,,,,,,,,,,,,,,,,,,,,,,,,,,,,,
2014, 7,21,11,   5.94,   0.00,,,,,,,,,,,,,,,,,,,,,,,,,,,,,,
2014, 7,21,12,   3.75,   0.00,,,,,,,,,,,,,,,,,,,,,,,,,,,,,,
2014, 7,21,13,   4.14,   0.00,,,,,,,,,,,,,,,,,,,,,,,,,,,,,,
2014, 7,21,14,   2.97,   0.00,,,,,,,,,,,,,,,,,,,,,,,,,,,,,,
2014, 7,21,15,   4.92,   0.00,,,,,,,,,,,,,,,,,,,,,,,,,,,,,,
2014, 7,21,16,   4.69,   0.00,,,,,,,,,,,,,,,,,,,,,,,,,,,,,,
2014, 7,21,17,   3.26,   0.00,,,,,,,,,,,,,,,,,,,,,,,,,,,,,,
2014, 7,21,18,   0.98,   0.00,,,,,,,,,,,,,,,,,,,,,,,,,,,,,,
2014, 7,21,19,   0.18,   0.00,,,,,,,,,,,,,,,,,,,,,,,,,,,,,,
2014, 7,21,20,   0.00,   0.01,,,,,,,,,,,,,,,,,,,,,,,,,,,,,,
2014, 7,21,21,   0.00,   0.00,,,,,,,,,,,,,,,,,,,,,,,,,,,,,,
2014, 7,21,22,   0.00,   0.00,,,,,,,,,,,,,,,,,,,,,,,,,,,,,,
2014, 7,21,23,       ,       ,,,,,,,,,,,,,,,,,,,,,,,,,,,,,,
2014, 7,21,24,       ,       ,,,,,,,,,,,,,,,,,,,,,,,,,,,,,,
2014, 7,22, 1,       ,       ,,,,,,,,,,,,,,,,,,,,,,,,,,,,,,
2014, 7,22, 2,       ,       ,,,,,,,,,,,,,,,,,,,,,,,,,,,,,,
2014, 7,22, 3,       ,       ,,,,,,,,,,,,,,,,,,,,,,,,,,,,,,
2014, 7,22, 4,   0.01,   0.00,,,,,,,,,,,,,,,,,,,,,,,,,,,,,,
2014, 7,22, 5,   0.00,   0.00,,,,,,,,,,,,,,,,,,,,,,,,,,,,,,
2014, 7,22, 6,   0.34,   0.00,,,,,,,,,,,,,,,,,,,,,,,,,,,,,,
2014, 7,22, 7,   1.36,   0.00,,,,,,,,,,,,,,,,,,,,,,,,,,,,,,
2014, 7,22, 8,   4.03,   0.00,,,,,,,,,,,,,,,,,,,,,,,,,,,,,,
2014, 7,22, 9,   6.87,   0.00,,,,,,,,,,,,,,,,,,,,,,,,,,,,,,
2014, 7,22,10,   6.38,   0.00,,,,,,,,,,,,,,,,,,,,,,,,,,,,,,
2014, 7,22,11,   4.64,   0.00,,,,,,,,,,,,,,,,,,,,,,,,,,,,,,
2014, 7,22,12,   3.29,   0.00,,,,,,,,,,,,,,,,,,,,,,,,,,,,,,
2014, 7,22,13,   2.16,   0.00,,,,,,,,,,,,,,,,,,,,,,,,,,,,,,
2014, 7,22,14,   2.09,   0.00,,,,,,,,,,,,,,,,,,,,,,,,,,,,,,
2014, 7,22,15,   5.14,   0.00,,,,,,,,,,,,,,,,,,,,,,,,,,,,,,
2014, 7,22,16,   5.40,   0.00,,,,,,,,,,,,,,,,,,,,,,,,,,,,,,
2014, 7,22,17,   3.64,   0.00,,,,,,,,,,,,,,,,,,,,,,,,,,,,,,
2014, 7,22,18,   1.43,   0.00,,,,,,,,,,,,,,,,,,,,,,,,,,,,,,
2014, 7,22,19,   0.21,   0.00,,,,,,,,,,,,,,,,,,,,,,,,,,,,,,
2014, 7,22,20,   0.00,   0.00,,,,,,,,,,,,,,,,,,,,,,,,,,,,,,
2014, 7,22,21,   0.00,   0.00,,,,,,,,,,,,,,,,,,,,,,,,,,,,,,
2014, 7,22,22,   0.01,   0.00,,,,,,,,,,,,,,,,,,,,,,,,,,,,,,
2014, 7,22,23,       ,       ,,,,,,,,,,,,,,,,,,,,,,,,,,,,,,
2014, 7,22,24,       ,       ,,,,,,,,,,,,,,,,,,,,,,,,,,,,,,
2014, 7,23, 1,       ,       ,,,,,,,,,,,,,,,,,,,,,,,,,,,,,,
2014, 7,23, 2,       ,       ,,,,,,,,,,,,,,,,,,,,,,,,,,,,,,
2014, 7,23, 3,       ,       ,,,,,,,,,,,,,,,,,,,,,,,,,,,,,,
2014, 7,23, 4,   0.00,   0.00,,,,,,,,,,,,,,,,,,,,,,,,,,,,,,
2014, 7,23, 5,   0.00,   0.00,,,,,,,,,,,,,,,,,,,,,,,,,,,,,,
2014, 7,23, 6,   0.53,   0.00,,,,,,,,,,,,,,,,,,,,,,,,,,,,,,
2014, 7,23, 7,   2.07,   0.00,,,,,,,,,,,,,,,,,,,,,,,,,,,,,,
2014, 7,23, 8,   3.84,   0.00,,,,,,,,,,,,,,,,,,,,,,,,,,,,,,
2014, 7,23, 9,   5.02,   0.00,,,,,,,,,,,,,,,,,,,,,,,,,,,,,,
2014, 7,23,10,   5.56,   0.00,,,,,,,,,,,,,,,,,,,,,,,,,,,,,,
2014, 7,23,11,   3.06,   0.00,,,,,,,,,,,,,,,,,,,,,,,,,,,,,,
2014, 7,23,12,   4.71,   0.00,,,,,,,,,,,,,,,,,,,,,,,,,,,,,,
2014, 7,23,13,   6.75,   0.00,,,,,,,,,,,,,,,,,,,,,,,,,,,,,,
2014, 7,23,14,   5.67,   0.00,,,,,,,,,,,,,,,,,,,,,,,,,,,,,,
2014, 7,23,15,   5.70,   0.00,,,,,,,,,,,,,,,,,,,,,,,,,,,,,,
2014, 7,23,16,   5.13,   0.00,,,,,,,,,,,,,,,,,,,,,,,,,,,,,,
2014, 7,23,17,   2.61,   0.00,,,,,,,,,,,,,,,,,,,,,,,,,,,,,,
2014, 7,23,18,   0.61,   0.00,,,,,,,,,,,,,,,,,,,,,,,,,,,,,,
2014, 7,23,19,   0.13,   0.00,,,,,,,,,,,,,,,,,,,,,,,,,,,,,,
2014, 7,23,20,   0.00,   0.00,,,,,,,,,,,,,,,,,,,,,,,,,,,,,,
2014, 7,23,21,   0.00,   0.00,,,,,,,,,,,,,,,,,,,,,,,,,,,,,,
2014, 7,23,22,   0.01,   0.00,,,,,,,,,,,,,,,,,,,,,,,,,,,,,,
2014, 7,23,23,       ,       ,,,,,,,,,,,,,,,,,,,,,,,,,,,,,,
2014, 7,23,24,       ,       ,,,,,,,,,,,,,,,,,,,,,,,,,,,,,,
2014, 7,24, 1,       ,       ,,,,,,,,,,,,,,,,,,,,,,,,,,,,,,
2014, 7,24, 2,       ,       ,,,,,,,,,,,,,,,,,,,,,,,,,,,,,,
2014, 7,24, 3,       ,       ,,,,,,,,,,,,,,,,,,,,,,,,,,,,,,
2014, 7,24, 4,   0.00,   0.00,,,,,,,,,,,,,,,,,,,,,,,,,,,,,,
2014, 7,24, 5,   0.01,   0.00,,,,,,,,,,,,,,,,,,,,,,,,,,,,,,
2014, 7,24, 6,   0.19,   0.00,,,,,,,,,,,,,,,,,,,,,,,,,,,,,,
2014, 7,24, 7,   1.63,   0.00,,,,,,,,,,,,,,,,,,,,,,,,,,,,,,
2014, 7,24, 8,   5.52,   0.00,,,,,,,,,,,,,,,,,,,,,,,,,,,,,,
2014, 7,24, 9,   4.36,   0.00,,,,,,,,,,,,,,,,,,,,,,,,,,,,,,
2014, 7,24,10,   5.94,   0.00,,,,,,,,,,,,,,,,,,,,,,,,,,,,,,
2014, 7,24,11,   5.59,   0.00,,,,,,,,,,,,,,,,,,,,,,,,,,,,,,
2014, 7,24,12,   5.16,   0.00,,,,,,,,,,,,,,,,,,,,,,,,,,,,,,
2014, 7,24,13,   5.09,   0.00,,,,,,,,,,,,,,,,,,,,,,,,,,,,,,
2014, 7,24,14,   4.89,   0.00,,,,,,,,,,,,,,,,,,,,,,,,,,,,,,
2014, 7,24,15,   5.85,   0.00,,,,,,,,,,,,,,,,,,,,,,,,,,,,,,
2014, 7,24,16,   4.59,   0.00,,,,,,,,,,,,,,,,,,,,,,,,,,,,,,
2014, 7,24,17,   2.87,   0.00,,,,,,,,,,,,,,,,,,,,,,,,,,,,,,
2014, 7,24,18,   0.90,   0.00,,,,,,,,,,,,,,,,,,,,,,,,,,,,,,
2014, 7,24,19,   0.13,   0.00,,,,,,,,,,,,,,,,,,,,,,,,,,,,,,
2014, 7,24,20,   0.01,   0.01,,,,,,,,,,,,,,,,,,,,,,,,,,,,,,
2014, 7,24,21,   0.00,   0.00,,,,,,,,,,,,,,,,,,,,,,,,,,,,,,
2014, 7,24,22,   0.00,   0.00,,,,,,,,,,,,,,,,,,,,,,,,,,,,,,
2014, 7,24,23,       ,       ,,,,,,,,,,,,,,,,,,,,,,,,,,,,,,
2014, 7,24,24,       ,       ,,,,,,,,,,,,,,,,,,,,,,,,,,,,,,
2014, 7,25, 1,       ,       ,,,,,,,,,,,,,,,,,,,,,,,,,,,,,,
2014, 7,25, 2,       ,       ,,,,,,,,,,,,,,,,,,,,,,,,,,,,,,
2014, 7,25, 3,       ,       ,,,,,,,,,,,,,,,,,,,,,,,,,,,,,,
2014, 7,25, 4,   0.01,   0.00,,,,,,,,,,,,,,,,,,,,,,,,,,,,,,
2014, 7,25, 5,   0.00,   0.00,,,,,,,,,,,,,,,,,,,,,,,,,,,,,,
2014, 7,25, 6,   0.30,   0.00,,,,,,,,,,,,,,,,,,,,,,,,,,,,,,
2014, 7,25, 7,   2.18,   0.00,,,,,,,,,,,,,,,,,,,,,,,,,,,,,,
2014, 7,25, 8,   5.61,   0.00,,,,,,,,,,,,,,,,,,,,,,,,,,,,,,
2014, 7,25, 9,   6.74,   0.00,,,,,,,,,,,,,,,,,,,,,,,,,,,,,,
2014, 7,25,10,   7.00,   0.00,,,,,,,,,,,,,,,,,,,,,,,,,,,,,,
2014, 7,25,11,   7.10,   0.00,,,,,,,,,,,,,,,,,,,,,,,,,,,,,,
2014, 7,25,12,   7.07,   0.00,,,,,,,,,,,,,,,,,,,,,,,,,,,,,,
2014, 7,25,13,   6.94,   0.00,,,,,,,,,,,,,,,,,,,,,,,,,,,,,,
2014, 7,25,14,   6.83,   0.00,,,,,,,,,,,,,,,,,,,,,,,,,,,,,,
2014, 7,25,15,   6.24,   0.00,,,,,,,,,,,,,,,,,,,,,,,,,,,,,,
2014, 7,25,16,   5.31,   0.00,,,,,,,,,,,,,,,,,,,,,,,,,,,,,,
2014, 7,25,17,   2.91,   0.00,,,,,,,,,,,,,,,,,,,,,,,,,,,,,,
2014, 7,25,18,   0.72,   0.00,,,,,,,,,,,,,,,,,,,,,,,,,,,,,,
2014, 7,25,19,   0.10,   0.00,,,,,,,,,,,,,,,,,,,,,,,,,,,,,,
2014, 7,25,20,   0.00,   0.00,,,,,,,,,,,,,,,,,,,,,,,,,,,,,,
2014, 7,25,21,   0.01,   0.00,,,,,,,,,,,,,,,,,,,,,,,,,,,,,,
2014, 7,25,22,   0.00,   0.00,,,,,,,,,,,,,,,,,,,,,,,,,,,,,,
2014, 7,25,23,       ,       ,,,,,,,,,,,,,,,,,,,,,,,,,,,,,,
2014, 7,25,24,       ,       ,,,,,,,,,,,,,,,,,,,,,,,,,,,,,,
2014, 7,26, 1,       ,       ,,,,,,,,,,,,,,,,,,,,,,,,,,,,,,
2014, 7,26, 2,       ,       ,,,,,,,,,,,,,,,,,,,,,,,,,,,,,,
2014, 7,26, 3,       ,       ,,,,,,,,,,,,,,,,,,,,,,,,,,,,,,
2014, 7,26, 4,   0.01,   0.00,,,,,,,,,,,,,,,,,,,,,,,,,,,,,,
2014, 7,26, 5,   0.00,   0.00,,,,,,,,,,,,,,,,,,,,,,,,,,,,,,
2014, 7,26, 6,   0.33,   0.00,,,,,,,,,,,,,,,,,,,,,,,,,,,,,,
2014, 7,26, 7,   3.04,   0.00,,,,,,,,,,,,,,,,,,,,,,,,,,,,,,
2014, 7,26, 8,   5.74,   0.00,,,,,,,,,,,,,,,,,,,,,,,,,,,,,,
2014, 7,26, 9,   6.86,   0.00,,,,,,,,,,,,,,,,,,,,,,,,,,,,,,
2014, 7,26,10,   7.05,   0.00,,,,,,,,,,,,,,,,,,,,,,,,,,,,,,
2014, 7,26,11,   7.10,   0.00,,,,,,,,,,,,,,,,,,,,,,,,,,,,,,
2014, 7,26,12,   7.09,   0.00,,,,,,,,,,,,,,,,,,,,,,,,,,,,,,
2014, 7,26,13,   7.09,   0.00,,,,,,,,,,,,,,,,,,,,,,,,,,,,,,
2014, 7,26,14,   7.02,   0.00,,,,,,,,,,,,,,,,,,,,,,,,,,,,,,
2014, 7,26,15,   6.78,   0.00,,,,,,,,,,,,,,,,,,,,,,,,,,,,,,
2014, 7,26,16,   5.50,   0.00,,,,,,,,,,,,,,,,,,,,,,,,,,,,,,
2014, 7,26,17,   3.05,   0.00,,,,,,,,,,,,,,,,,,,,,,,,,,,,,,
2014, 7,26,18,   0.85,   0.00,,,,,,,,,,,,,,,,,,,,,,,,,,,,,,
2014, 7,26,19,   0.14,   0.00,,,,,,,,,,,,,,,,,,,,,,,,,,,,,,
2014, 7,26,20,   0.01,   0.01,,,,,,,,,,,,,,,,,,,,,,,,,,,,,,
2014, 7,26,21,   0.00,   0.00,,,,,,,,,,,,,,,,,,,,,,,,,,,,,,
2014, 7,26,22,   0.00,   0.00,,,,,,,,,,,,,,,,,,,,,,,,,,,,,,
2014, 7,26,23,       ,       ,,,,,,,,,,,,,,,,,,,,,,,,,,,,,,
2014, 7,26,24,       ,       ,,,,,,,,,,,,,,,,,,,,,,,,,,,,,,
2014, 7,27, 1,       ,       ,,,,,,,,,,,,,,,,,,,,,,,,,,,,,,
2014, 7,27, 2,       ,       ,,,,,,,,,,,,,,,,,,,,,,,,,,,,,,
2014, 7,27, 3,       ,       ,,,,,,,,,,,,,,,,,,,,,,,,,,,,,,
2014, 7,27, 4,   0.01,   0.00,,,,,,,,,,,,,,,,,,,,,,,,,,,,,,
2014, 7,27, 5,   0.00,   0.00,,,,,,,,,,,,,,,,,,,,,,,,,,,,,,
2014, 7,27, 6,   0.21,   0.00,,,,,,,,,,,,,,,,,,,,,,,,,,,,,,
2014, 7,27, 7,   2.71,   0.00,,,,,,,,,,,,,,,,,,,,,,,,,,,,,,
2014, 7,27, 8,   5.31,   0.00,,,,,,,,,,,,,,,,,,,,,,,,,,,,,,
2014, 7,27, 9,   6.08,   0.00,,,,,,,,,,,,,,,,,,,,,,,,,,,,,,
2014, 7,27,10,   4.95,   0.00,,,,,,,,,,,,,,,,,,,,,,,,,,,,,,
2014, 7,27,11,   5.68,   0.00,,,,,,,,,,,,,,,,,,,,,,,,,,,,,,
2014, 7,27,12,   4.49,   0.00,,,,,,,,,,,,,,,,,,,,,,,,,,,,,,
2014, 7,27,13,   3.13,   0.00,,,,,,,,,,,,,,,,,,,,,,,,,,,,,,
2014, 7,27,14,   3.74,   0.00,,,,,,,,,,,,,,,,,,,,,,,,,,,,,,
2014, 7,27,15,   4.83,   0.00,,,,,,,,,,,,,,,,,,,,,,,,,,,,,,
2014, 7,27,16,   4.47,   0.00,,,,,,,,,,,,,,,,,,,,,,,,,,,,,,
2014, 7,27,17,   2.19,   0.00,,,,,,,,,,,,,,,,,,,,,,,,,,,,,,
2014, 7,27,18,   1.10,   0.00,,,,,,,,,,,,,,,,,,,,,,,,,,,,,,
2014, 7,27,19,   0.19,   0.00,,,,,,,,,,,,,,,,,,,,,,,,,,,,,,
2014, 7,27,20,   0.00,   0.00,,,,,,,,,,,,,,,,,,,,,,,,,,,,,,
2014, 7,27,21,   0.01,   0.00,,,,,,,,,,,,,,,,,,,,,,,,,,,,,,
2014, 7,27,22,   0.00,   0.00,,,,,,,,,,,,,,,,,,,,,,,,,,,,,,
2014, 7,27,23,       ,       ,,,,,,,,,,,,,,,,,,,,,,,,,,,,,,
2014, 7,27,24,       ,       ,,,,,,,,,,,,,,,,,,,,,,,,,,,,,,
2014, 7,28, 1,       ,       ,,,,,,,,,,,,,,,,,,,,,,,,,,,,,,
2014, 7,28, 2,       ,       ,,,,,,,,,,,,,,,,,,,,,,,,,,,,,,
2014, 7,28, 3,   0.00,   0.00,,,,,,,,,,,,,,,,,,,,,,,,,,,,,,
2014, 7,28, 4,   0.00,   0.00,,,,,,,,,,,,,,,,,,,,,,,,,,,,,,
2014, 7,28, 5,   0.01,   0.00,,,,,,,,,,,,,,,,,,,,,,,,,,,,,,
2014, 7,28, 6,   0.44,   0.00,,,,,,,,,,,,,,,,,,,,,,,,,,,,,,
2014, 7,28, 7,   2.06,   0.00,,,,,,,,,,,,,,,,,,,,,,,,,,,,,,
2014, 7,28, 8,   5.30,   0.00,,,,,,,,,,,,,,,,,,,,,,,,,,,,,,
2014, 7,28, 9,   5.20,   0.00,,,,,,,,,,,,,,,,,,,,,,,,,,,,,,
2014, 7,28,10,   6.20,   0.00,,,,,,,,,,,,,,,,,,,,,,,,,,,,,,
2014, 7,28,11,   7.12,   0.00,,,,,,,,,,,,,,,,,,,,,,,,,,,,,,
2014, 7,28,12,   6.61,   0.00,,,,,,,,,,,,,,,,,,,,,,,,,,,,,,
2014, 7,28,13,   6.82,   0.00,,,,,,,,,,,,,,,,,,,,,,,,,,,,,,
2014, 7,28,14,   6.37,   0.00,,,,,,,,,,,,,,,,,,,,,,,,,,,,,,
2014, 7,28,15,   6.26,   0.00,,,,,,,,,,,,,,,,,,,,,,,,,,,,,,
2014, 7,28,16,   5.26,   0.00,,,,,,,,,,,,,,,,,,,,,,,,,,,,,,
2014, 7,28,17,   2.78,   0.00,,,,,,,,,,,,,,,,,,,,,,,,,,,,,,
2014, 7,28,18,   1.09,   0.00,,,,,,,,,,,,,,,,,,,,,,,,,,,,,,
2014, 7,28,19,   0.22,   0.00,,,,,,,,,,,,,,,,,,,,,,,,,,,,,,
2014, 7,28,20,   0.00,   0.00,,,,,,,,,,,,,,,,,,,,,,,,,,,,,,
2014, 7,28,21,   0.01,   0.00,,,,,,,,,,,,,,,,,,,,,,,,,,,,,,
2014, 7,28,22,   0.00,   0.00,,,,,,,,,,,,,,,,,,,,,,,,,,,,,,
2014, 7,28,23,       ,       ,,,,,,,,,,,,,,,,,,,,,,,,,,,,,,
2014, 7,28,24,       ,       ,,,,,,,,,,,,,,,,,,,,,,,,,,,,,,
2014, 7,29, 1,       ,       ,,,,,,,,,,,,,,,,,,,,,,,,,,,,,,
2014, 7,29, 2,       ,       ,,,,,,,,,,,,,,,,,,,,,,,,,,,,,,
2014, 7,29, 3,   0.00,   0.00,,,,,,,,,,,,,,,,,,,,,,,,,,,,,,
2014, 7,29, 4,   0.00,   0.00,,,,,,,,,,,,,,,,,,,,,,,,,,,,,,
2014, 7,29, 5,   0.01,   0.00,,,,,,,,,,,,,,,,,,,,,,,,,,,,,,
2014, 7,29, 6,   0.36,   0.00,,,,,,,,,,,,,,,,,,,,,,,,,,,,,,
2014, 7,29, 7,   2.60,   0.00,,,,,,,,,,,,,,,,,,,,,,,,,,,,,,
2014, 7,29, 8,   3.93,   0.00,,,,,,,,,,,,,,,,,,,,,,,,,,,,,,
2014, 7,29, 9,   5.92,   0.00,,,,,,,,,,,,,,,,,,,,,,,,,,,,,,
2014, 7,29,10,   6.49,   0.00,,,,,,,,,,,,,,,,,,,,,,,,,,,,,,
2014, 7,29,11,   6.13,   0.00,,,,,,,,,,,,,,,,,,,,,,,,,,,,,,
2014, 7,29,12,   5.61,   0.00,,,,,,,,,,,,,,,,,,,,,,,,,,,,,,
2014, 7,29,13,   4.94,   0.00,,,,,,,,,,,,,,,,,,,,,,,,,,,,,,
2014, 7,29,14,   5.57,   0.00,,,,,,,,,,,,,,,,,,,,,,,,,,,,,,
2014, 7,29,15,   5.68,   0.00,,,,,,,,,,,,,,,,,,,,,,,,,,,,,,
2014, 7,29,16,   4.21,   0.00,,,,,,,,,,,,,,,,,,,,,,,,,,,,,,
2014, 7,29,17,   2.11,   0.00,,,,,,,,,,,,,,,,,,,,,,,,,,,,,,
2014, 7,29,18,   1.28,   0.00,,,,,,,,,,,,,,,,,,,,,,,,,,,,,,
2014, 7,29,19,   0.14,   0.00,,,,,,,,,,,,,,,,,,,,,,,,,,,,,,
2014, 7,29,20,   0.00,   0.00,,,,,,,,,,,,,,,,,,,,,,,,,,,,,,
2014, 7,29,21,   0.01,   0.00,,,,,,,,,,,,,,,,,,,,,,,,,,,,,,
2014, 7,29,22,   0.00,   0.00,,,,,,,,,,,,,,,,,,,,,,,,,,,,,,
2014, 7,29,23,       ,       ,,,,,,,,,,,,,,,,,,,,,,,,,,,,,,
2014, 7,29,24,       ,       ,,,,,,,,,,,,,,,,,,,,,,,,,,,,,,
2014, 7,30, 1,       ,       ,,,,,,,,,,,,,,,,,,,,,,,,,,,,,,
2014, 7,30, 2,       ,       ,,,,,,,,,,,,,,,,,,,,,,,,,,,,,,
2014, 7,30, 3,       ,       ,,,,,,,,,,,,,,,,,,,,,,,,,,,,,,
2014, 7,30, 4,   0.01,   0.00,,,,,,,,,,,,,,,,,,,,,,,,,,,,,,
2014, 7,30, 5,   0.00,   0.00,,,,,,,,,,,,,,,,,,,,,,,,,,,,,,
2014, 7,30, 6,   0.30,   0.00,,,,,,,,,,,,,,,,,,,,,,,,,,,,,,
2014, 7,30, 7,   2.93,   0.00,,,,,,,,,,,,,,,,,,,,,,,,,,,,,,
2014, 7,30, 8,   5.59,   0.00,,,,,,,,,,,,,,,,,,,,,,,,,,,,,,
2014, 7,30, 9,   6.78,   0.00,,,,,,,,,,,,,,,,,,,,,,,,,,,,,,
2014, 7,30,10,   4.48,   0.00,,,,,,,,,,,,,,,,,,,,,,,,,,,,,,
2014, 7,30,11,   5.27,   0.00,,,,,,,,,,,,,,,,,,,,,,,,,,,,,,
2014, 7,30,12,   3.86,   0.00,,,,,,,,,,,,,,,,,,,,,,,,,,,,,,
2014, 7,30,13,   4.37,   0.00,,,,,,,,,,,,,,,,,,,,,,,,,,,,,,
2014, 7,30,14,   2.86,   0.00,,,,,,,,,,,,,,,,,,,,,,,,,,,,,,
2014, 7,30,15,   0.95,   0.00,,,,,,,,,,,,,,,,,,,,,,,,,,,,,,
2014, 7,30,16,   0.34,   0.00,,,,,,,,,,,,,,,,,,,,,,,,,,,,,,
2014, 7,30,17,   0.65,   0.00,,,,,,,,,,,,,,,,,,,,,,,,,,,,,,
2014, 7,30,18,   0.53,   0.00,,,,,,,,,,,,,,,,,,,,,,,,,,,,,,
2014, 7,30,19,   0.26,   0.01,,,,,,,,,,,,,,,,,,,,,,,,,,,,,,
2014, 7,30,20,   0.00,   0.00,,,,,,,,,,,,,,,,,,,,,,,,,,,,,,
2014, 7,30,21,   0.00,   0.00,,,,,,,,,,,,,,,,,,,,,,,,,,,,,,
2014, 7,30,22,   0.01,   0.00,,,,,,,,,,,,,,,,,,,,,,,,,,,,,,
2014, 7,30,23,       ,       ,,,,,,,,,,,,,,,,,,,,,,,,,,,,,,
2014, 7,30,24,       ,       ,,,,,,,,,,,,,,,,,,,,,,,,,,,,,,
2014, 7,31, 1,       ,       ,,,,,,,,,,,,,,,,,,,,,,,,,,,,,,
2014, 7,31, 2,       ,       ,,,,,,,,,,,,,,,,,,,,,,,,,,,,,,
2014, 7,31, 3,       ,       ,,,,,,,,,,,,,,,,,,,,,,,,,,,,,,
2014, 7,31, 4,   0.00,   0.00,,,,,,,,,,,,,,,,,,,,,,,,,,,,,,
2014, 7,31, 5,   0.00,   0.00,,,,,,,,,,,,,,,,,,,,,,,,,,,,,,
2014, 7,31, 6,   0.44,   0.00,,,,,,,,,,,,,,,,,,,,,,,,,,,,,,
2014, 7,31, 7,   3.04,   0.00,,,,,,,,,,,,,,,,,,,,,,,,,,,,,,
2014, 7,31, 8,   4.43,   0.00,,,,,,,,,,,,,,,,,,,,,,,,,,,,,,
2014, 7,31, 9,   4.36,   0.00,,,,,,,,,,,,,,,,,,,,,,,,,,,,,,
2014, 7,31,10,   6.65,   0.00,,,,,,,,,,,,,,,,,,,,,,,,,,,,,,
2014, 7,31,11,   6.74,   0.00,,,,,,,,,,,,,,,,,,,,,,,,,,,,,,
2014, 7,31,12,   4.18,   0.00,,,,,,,,,,,,,,,,,,,,,,,,,,,,,,
2014, 7,31,13,   4.63,   0.00,,,,,,,,,,,,,,,,,,,,,,,,,,,,,,
2014, 7,31,14,   6.23,   0.00,,,,,,,,,,,,,,,,,,,,,,,,,,,,,,
2014, 7,31,15,   3.89,   0.00,,,,,,,,,,,,,,,,,,,,,,,,,,,,,,
2014, 7,31,16,   4.90,   0.00,,,,,,,,,,,,,,,,,,,,,,,,,,,,,,
2014, 7,31,17,   1.35,   0.00,,,,,,,,,,,,,,,,,,,,,,,,,,,,,,
2014, 7,31,18,   0.74,   0.00,,,,,,,,,,,,,,,,,,,,,,,,,,,,,,
2014, 7,31,19,   0.09,   0.01,,,,,,,,,,,,,,,,,,,,,,,,,,,,,,
2014, 7,31,20,   0.00,   0.00,,,,,,,,,,,,,,,,,,,,,,,,,,,,,,
2014, 7,31,21,   0.00,   0.00,,,,,,,,,,,,,,,,,,,,,,,,,,,,,,
2014, 7,31,22,   0.00,   0.00,,,,,,,,,,,,,,,,,,,,,,,,,,,,,,
2014, 7,31,23,       ,       ,,,,,,,,,,,,,,,,,,,,,,,,,,,,,,
2014, 7,31,24,       ,       ,,,,,,,,,,,,,,,,,,,,,,,,,,,,,,
